Question,Answer
Какие факторы влияют на ваше решение об уходе?,зарплата
Какие факторы влияют на ваше решение об уходе?,отсутствие признания
Что мотивирует вас работать больше?,поддержка
Что мотивирует вас работать больше?,шеф
Какие факторы влияют на ваше решение об уходе?,график
Какие факторы влияют на ваше решение об уходе?,отсутствие карьерного роста
Какие факторы влияют на ваше решение об уходе?,зарплата
Чем интересна ваша работа?,амбициозные задачи
Какие факторы влияют на ваше решение об уходе?,начальство
Чем интересна ваша работа?,развитие
Какие факторы влияют на ваше решение об уходе?,отсутствие признания
Чем интересна ваша работа?,атмосфера
Какие факторы влияют на ваше решение об уходе?,график
Что мотивирует вас работать больше?,бабосики
Чем интересна ваша работа?,климат
Что мотивирует вас работать больше?,бабосики
Чем интересна ваша работа?,коллеги
Какие факторы влияют на ваше решение об уходе?,руководство
Что мотивирует вас работать больше?,бабосики
Чем интересна ваша работа?,команда
Какие факторы влияют на ваше решение об уходе?,перспективы
Что мотивирует вас работать больше?,шеф
Какие факторы влияют на ваше решение об уходе?,отсутствие признания
Чем интересна ваша работа?,климат
Какие факторы влияют на ваше решение об уходе?,отсутствие карьерного роста
Чем интересна ваша работа?,развитие
Какие факторы влияют на ваше решение об уходе?,недостаток роста
Что мотивирует вас работать больше?,коллеги
Какие факторы влияют на ваше решение об уходе?,график
Чем интересна ваша работа?,климат
Какие факторы влияют на ваше решение об уходе?,зарплата
Чем интересна ваша работа?,коллектив
Чем интересна ваша работа?,амбициозные задачи
Какие факторы влияют на ваше решение об уходе?,отсутствие признания
Чем интересна ваша работа?,коллеги
Какие факторы влияют на ваше решение об уходе?,отсутствие карьерного роста
Какие факторы влияют на ваше решение об уходе?,руководство
Какие факторы влияют на ваше решение об уходе?,начальство
Что мотивирует вас работать больше?,поддержка
Что мотивирует вас работать больше?,бабосики
Чем интересна ваша работа?,развитие
Чем интересна ваша работа?,атмосфера
Какие факторы влияют на ваше решение об уходе?,отсутствие карьерного роста
Чем интересна ваша работа?,инновационные задачи
Какие факторы влияют на ваше решение об уходе?,график
Что мотивирует вас работать больше?,команда
Чем интересна ваша работа?,атмосфера
Какие факторы влияют на ваше решение об уходе?,коллеги
Что мотивирует вас работать больше?,команда
Что мотивирует вас работать больше?,поддержка
Какие факторы влияют на ваше решение об уходе?,начальство
Что мотивирует вас работать больше?,шеф
Чем интересна ваша работа?,климат
Какие факторы влияют на ваше решение об уходе?,начальство
Какие факторы влияют на ваше решение об уходе?,руководство
Что мотивирует вас работать больше?,атмосфера
Чем интересна ваша работа?,инновационные задачи
Какие факторы влияют на ваше решение об уходе?,начальство
Чем интересна ваша работа?,климат
Чем интересна ваша работа?,команда
Чем интересна ваша работа?,коллеги
Что мотивирует вас работать больше?,шеф
Что мотивирует вас работать больше?,шеф
Что мотивирует вас работать больше?,команда
Что мотивирует вас работать больше?,зарплата
Чем интересна ваша работа?,климат
Что мотивирует вас работать больше?,коллеги
Чем интересна ваша работа?,атмосфера
Что мотивирует вас работать больше?,амбициозные задачи
Что мотивирует вас работать больше?,коллеги
Что мотивирует вас работать больше?,премии
Чем интересна ваша работа?,развитие
Что мотивирует вас работать больше?,шеф
Чем интересна ваша работа?,команда
Чем интересна ваша работа?,климат
Какие факторы влияют на ваше решение об уходе?,начальство
Чем интересна ваша работа?,коллеги
Чем интересна ваша работа?,удовольствие от работы
Что мотивирует вас работать больше?,атмосфера
Что мотивирует вас работать больше?,атмосфера
Какие факторы влияют на ваше решение об уходе?,отсутствие карьерного роста
Какие факторы влияют на ваше решение об уходе?,недостаток роста
Чем интересна ваша работа?,команда
Какие факторы влияют на ваше решение об уходе?,руководство
Какие факторы влияют на ваше решение об уходе?,перспективы
Что мотивирует вас работать больше?,шеф
Какие факторы влияют на ваше решение об уходе?,перспективы
Что мотивирует вас работать больше?,бонусы
Какие факторы влияют на ваше решение об уходе?,руководство
Чем интересна ваша работа?,коллектив
Чем интересна ваша работа?,коллектив
Что мотивирует вас работать больше?,амбициозные задачи
Какие факторы влияют на ваше решение об уходе?,начальство
Чем интересна ваша работа?,удовольствие от работы
Что мотивирует вас работать больше?,шеф
Чем интересна ваша работа?,развитие
Что мотивирует вас работать больше?,команда
Что мотивирует вас работать больше?,бабосики
Какие факторы влияют на ваше решение об уходе?,отсутствие признания
Какие факторы влияют на ваше решение об уходе?,начальство
Какие факторы влияют на ваше решение об уходе?,коллеги
Что мотивирует вас работать больше?,зарплата
Чем интересна ваша работа?,удовольствие от работы
Какие факторы влияют на ваше решение об уходе?,коллеги
Что мотивирует вас работать больше?,атмосфера
Что мотивирует вас работать больше?,премии
Чем интересна ваша работа?,атмосфера
Что мотивирует вас работать больше?,шеф
Какие факторы влияют на ваше решение об уходе?,недостаток роста
Что мотивирует вас работать больше?,шеф
Какие факторы влияют на ваше решение об уходе?,руководство
Какие факторы влияют на ваше решение об уходе?,перспективы
Чем интересна ваша работа?,развитие
Какие факторы влияют на ваше решение об уходе?,начальство
Какие факторы влияют на ваше решение об уходе?,руководство
Чем интересна ваша работа?,коллектив
Какие факторы влияют на ваше решение об уходе?,перспективы
Что мотивирует вас работать больше?,бабосики
Какие факторы влияют на ваше решение об уходе?,отсутствие признания
Что мотивирует вас работать больше?,поддержка
Чем интересна ваша работа?,коллектив
Что мотивирует вас работать больше?,шеф
Что мотивирует вас работать больше?,коллеги
Какие факторы влияют на ваше решение об уходе?,коллеги
Какие факторы влияют на ваше решение об уходе?,недостаток роста
Что мотивирует вас работать больше?,бонусы
Какие факторы влияют на ваше решение об уходе?,недостаток роста
Чем интересна ваша работа?,команда
Что мотивирует вас работать больше?,шеф
Что мотивирует вас работать больше?,бонусы
Что мотивирует вас работать больше?,поддержка
Что мотивирует вас работать больше?,бонусы
Какие факторы влияют на ваше решение об уходе?,руководство
Какие факторы влияют на ваше решение об уходе?,отсутствие признания
Чем интересна ваша работа?,инновационные задачи
Какие факторы влияют на ваше решение об уходе?,начальство
Что мотивирует вас работать больше?,бабосики
Чем интересна ваша работа?,атмосфера
Чем интересна ваша работа?,команда
Какие факторы влияют на ваше решение об уходе?,коллеги
Что мотивирует вас работать больше?,бонусы
Какие факторы влияют на ваше решение об уходе?,зарплата
Какие факторы влияют на ваше решение об уходе?,начальство
Какие факторы влияют на ваше решение об уходе?,руководство
Чем интересна ваша работа?,климат
Чем интересна ваша работа?,команда
Какие факторы влияют на ваше решение об уходе?,отсутствие карьерного роста
Какие факторы влияют на ваше решение об уходе?,начальство
Что мотивирует вас работать больше?,коллеги
Чем интересна ваша работа?,атмосфера
Чем интересна ваша работа?,команда
Какие факторы влияют на ваше решение об уходе?,перспективы
Что мотивирует вас работать больше?,амбициозные задачи
Какие факторы влияют на ваше решение об уходе?,график
Какие факторы влияют на ваше решение об уходе?,недостаток роста
Чем интересна ваша работа?,коллектив
Чем интересна ваша работа?,коллектив
Что мотивирует вас работать больше?,бабосики
Что мотивирует вас работать больше?,поддержка
Чем интересна ваша работа?,коллеги
Что мотивирует вас работать больше?,коллеги
Чем интересна ваша работа?,атмосфера
Чем интересна ваша работа?,амбициозные задачи
Чем интересна ваша работа?,климат
Что мотивирует вас работать больше?,коллеги
Какие факторы влияют на ваше решение об уходе?,зарплата
Чем интересна ваша работа?,удовольствие от работы
Что мотивирует вас работать больше?,зарплата
Какие факторы влияют на ваше решение об уходе?,коллеги
Что мотивирует вас работать больше?,бабосики
Что мотивирует вас работать больше?,зарплата
Какие факторы влияют на ваше решение об уходе?,недостаток роста
Какие факторы влияют на ваше решение об уходе?,зарплата
Чем интересна ваша работа?,амбициозные задачи
Что мотивирует вас работать больше?,атмосфера
Чем интересна ваша работа?,атмосфера
Что мотивирует вас работать больше?,бабосики
Что мотивирует вас работать больше?,атмосфера
Чем интересна ваша работа?,амбициозные задачи
Чем интересна ваша работа?,коллеги
Какие факторы влияют на ваше решение об уходе?,зарплата
Какие факторы влияют на ваше решение об уходе?,руководство
Что мотивирует вас работать больше?,амбициозные задачи
Чем интересна ваша работа?,коллектив
Чем интересна ваша работа?,команда
Чем интересна ваша работа?,климат
Какие факторы влияют на ваше решение об уходе?,коллеги
Чем интересна ваша работа?,удовольствие от работы
Что мотивирует вас работать больше?,премии
Какие факторы влияют на ваше решение об уходе?,перспективы
Что мотивирует вас работать больше?,шеф
Какие факторы влияют на ваше решение об уходе?,отсутствие признания
Что мотивирует вас работать больше?,бабосики
Какие факторы влияют на ваше решение об уходе?,начальство
Чем интересна ваша работа?,коллектив
Какие факторы влияют на ваше решение об уходе?,коллеги
Чем интересна ваша работа?,коллектив
Какие факторы влияют на ваше решение об уходе?,отсутствие признания
Какие факторы влияют на ваше решение об уходе?,коллеги
Какие факторы влияют на ваше решение об уходе?,коллеги
Что мотивирует вас работать больше?,атмосфера
Какие факторы влияют на ваше решение об уходе?,начальство
Чем интересна ваша работа?,развитие
Какие факторы влияют на ваше решение об уходе?,перспективы
Какие факторы влияют на ваше решение об уходе?,коллеги
Чем интересна ваша работа?,команда
Чем интересна ваша работа?,команда
Какие факторы влияют на ваше решение об уходе?,зарплата
Чем интересна ваша работа?,команда
Что мотивирует вас работать больше?,бабосики
Что мотивирует вас работать больше?,коллеги
Что мотивирует вас работать больше?,бонусы
Чем интересна ваша работа?,инновационные задачи
Какие факторы влияют на ваше решение об уходе?,руководство
Что мотивирует вас работать больше?,премии
Что мотивирует вас работать больше?,коллеги
Чем интересна ваша работа?,климат
Чем интересна ваша работа?,климат
Что мотивирует вас работать больше?,шеф
Что мотивирует вас работать больше?,бабосики
Что мотивирует вас работать больше?,амбициозные задачи
Какие факторы влияют на ваше решение об уходе?,коллеги
Какие факторы влияют на ваше решение об уходе?,график
Чем интересна ваша работа?,развитие
Какие факторы влияют на ваше решение об уходе?,зарплата
Чем интересна ваша работа?,коллеги
Какие факторы влияют на ваше решение об уходе?,начальство
Чем интересна ваша работа?,атмосфера
Какие факторы влияют на ваше решение об уходе?,начальство
Чем интересна ваша работа?,амбициозные задачи
Какие факторы влияют на ваше решение об уходе?,зарплата
Чем интересна ваша работа?,амбициозные задачи
Какие факторы влияют на ваше решение об уходе?,отсутствие карьерного роста
Чем интересна ваша работа?,климат
Чем интересна ваша работа?,климат
Что мотивирует вас работать больше?,бонусы
Чем интересна ваша работа?,команда
Чем интересна ваша работа?,климат
Что мотивирует вас работать больше?,зарплата
Что мотивирует вас работать больше?,атмосфера
Что мотивирует вас работать больше?,бонусы
Что мотивирует вас работать больше?,бонусы
Чем интересна ваша работа?,атмосфера
Что мотивирует вас работать больше?,поддержка
Чем интересна ваша работа?,развитие
Какие факторы влияют на ваше решение об уходе?,график
Какие факторы влияют на ваше решение об уходе?,зарплата
Какие факторы влияют на ваше решение об уходе?,недостаток роста
Что мотивирует вас работать больше?,команда
Что мотивирует вас работать больше?,команда
Какие факторы влияют на ваше решение об уходе?,руководство
Какие факторы влияют на ваше решение об уходе?,график
Чем интересна ваша работа?,амбициозные задачи
Какие факторы влияют на ваше решение об уходе?,руководство
Чем интересна ваша работа?,инновационные задачи
Что мотивирует вас работать больше?,бабосики
Чем интересна ваша работа?,амбициозные задачи
Чем интересна ваша работа?,команда
Чем интересна ваша работа?,атмосфера
Чем интересна ваша работа?,климат
Чем интересна ваша работа?,амбициозные задачи
Чем интересна ваша работа?,команда
Чем интересна ваша работа?,инновационные задачи
Что мотивирует вас работать больше?,зарплата
Что мотивирует вас работать больше?,шеф
Чем интересна ваша работа?,коллеги
Чем интересна ваша работа?,развитие
Что мотивирует вас работать больше?,атмосфера
Что мотивирует вас работать больше?,поддержка
Что мотивирует вас работать больше?,поддержка
Чем интересна ваша работа?,удовольствие от работы
Что мотивирует вас работать больше?,премии
Какие факторы влияют на ваше решение об уходе?,начальство
Какие факторы влияют на ваше решение об уходе?,коллеги
Что мотивирует вас работать больше?,поддержка
Что мотивирует вас работать больше?,команда
Чем интересна ваша работа?,коллектив
Что мотивирует вас работать больше?,шеф
Чем интересна ваша работа?,коллектив
Чем интересна ваша работа?,коллеги
Чем интересна ваша работа?,коллеги
Чем интересна ваша работа?,удовольствие от работы
Что мотивирует вас работать больше?,шеф
Что мотивирует вас работать больше?,зарплата
Что мотивирует вас работать больше?,атмосфера
Чем интересна ваша работа?,команда
Какие факторы влияют на ваше решение об уходе?,перспективы
Чем интересна ваша работа?,атмосфера
Какие факторы влияют на ваше решение об уходе?,начальство
Какие факторы влияют на ваше решение об уходе?,отсутствие признания
Какие факторы влияют на ваше решение об уходе?,коллеги
Что мотивирует вас работать больше?,зарплата
Какие факторы влияют на ваше решение об уходе?,график
Чем интересна ваша работа?,инновационные задачи
Чем интересна ваша работа?,атмосфера
Чем интересна ваша работа?,удовольствие от работы
Что мотивирует вас работать больше?,бабосики
Что мотивирует вас работать больше?,зарплата
Какие факторы влияют на ваше решение об уходе?,начальство
Какие факторы влияют на ваше решение об уходе?,начальство
Чем интересна ваша работа?,развитие
Какие факторы влияют на ваше решение об уходе?,зарплата
Что мотивирует вас работать больше?,бабосики
Какие факторы влияют на ваше решение об уходе?,недостаток роста
Какие факторы влияют на ваше решение об уходе?,отсутствие карьерного роста
Что мотивирует вас работать больше?,команда
Какие факторы влияют на ваше решение об уходе?,отсутствие признания
Какие факторы влияют на ваше решение об уходе?,коллеги
Что мотивирует вас работать больше?,зарплата
Что мотивирует вас работать больше?,бонусы
Какие факторы влияют на ваше решение об уходе?,зарплата
Какие факторы влияют на ваше решение об уходе?,отсутствие карьерного роста
Какие факторы влияют на ваше решение об уходе?,руководство
Что мотивирует вас работать больше?,зарплата
Чем интересна ваша работа?,амбициозные задачи
Чем интересна ваша работа?,инновационные задачи
Какие факторы влияют на ваше решение об уходе?,отсутствие признания
Какие факторы влияют на ваше решение об уходе?,отсутствие карьерного роста
Чем интересна ваша работа?,развитие
Какие факторы влияют на ваше решение об уходе?,зарплата
Какие факторы влияют на ваше решение об уходе?,недостаток роста
Что мотивирует вас работать больше?,бабосики
Чем интересна ваша работа?,команда
Что мотивирует вас работать больше?,коллеги
Какие факторы влияют на ваше решение об уходе?,начальство
Что мотивирует вас работать больше?,зарплата
Что мотивирует вас работать больше?,амбициозные задачи
Что мотивирует вас работать больше?,премии
Чем интересна ваша работа?,климат
Какие факторы влияют на ваше решение об уходе?,отсутствие признания
Что мотивирует вас работать больше?,шеф
Какие факторы влияют на ваше решение об уходе?,зарплата
Что мотивирует вас работать больше?,коллеги
Чем интересна ваша работа?,инновационные задачи
Какие факторы влияют на ваше решение об уходе?,начальство
Чем интересна ваша работа?,климат
Что мотивирует вас работать больше?,коллеги
Какие факторы влияют на ваше решение об уходе?,руководство
Чем интересна ваша работа?,коллектив
Что мотивирует вас работать больше?,премии
Какие факторы влияют на ваше решение об уходе?,руководство
Какие факторы влияют на ваше решение об уходе?,перспективы
Чем интересна ваша работа?,развитие
Чем интересна ваша работа?,коллеги
Чем интересна ваша работа?,климат
Какие факторы влияют на ваше решение об уходе?,начальство
Какие факторы влияют на ваше решение об уходе?,график
Чем интересна ваша работа?,климат
Чем интересна ваша работа?,развитие
Какие факторы влияют на ваше решение об уходе?,отсутствие карьерного роста
Чем интересна ваша работа?,коллектив
Какие факторы влияют на ваше решение об уходе?,руководство
Чем интересна ваша работа?,амбициозные задачи
Что мотивирует вас работать больше?,бабосики
Какие факторы влияют на ваше решение об уходе?,график
Чем интересна ваша работа?,климат
Чем интересна ваша работа?,коллектив
Что мотивирует вас работать больше?,команда
Чем интересна ваша работа?,удовольствие от работы
Какие факторы влияют на ваше решение об уходе?,зарплата
Что мотивирует вас работать больше?,премии
Чем интересна ваша работа?,коллектив
Какие факторы влияют на ваше решение об уходе?,график
Какие факторы влияют на ваше решение об уходе?,зарплата
Чем интересна ваша работа?,развитие
Что мотивирует вас работать больше?,атмосфера
Какие факторы влияют на ваше решение об уходе?,перспективы
Какие факторы влияют на ваше решение об уходе?,график
Чем интересна ваша работа?,инновационные задачи
Что мотивирует вас работать больше?,поддержка
Чем интересна ваша работа?,коллектив
Что мотивирует вас работать больше?,шеф
Какие факторы влияют на ваше решение об уходе?,коллеги
Какие факторы влияют на ваше решение об уходе?,коллеги
Какие факторы влияют на ваше решение об уходе?,отсутствие карьерного роста
Какие факторы влияют на ваше решение об уходе?,зарплата
Какие факторы влияют на ваше решение об уходе?,недостаток роста
Какие факторы влияют на ваше решение об уходе?,начальство
Что мотивирует вас работать больше?,команда
Что мотивирует вас работать больше?,атмосфера
Какие факторы влияют на ваше решение об уходе?,зарплата
Что мотивирует вас работать больше?,команда
Чем интересна ваша работа?,команда
Какие факторы влияют на ваше решение об уходе?,недостаток роста
Чем интересна ваша работа?,развитие
Какие факторы влияют на ваше решение об уходе?,начальство
Какие факторы влияют на ваше решение об уходе?,коллеги
Что мотивирует вас работать больше?,коллеги
Что мотивирует вас работать больше?,бабосики
Что мотивирует вас работать больше?,зарплата
Чем интересна ваша работа?,инновационные задачи
Что мотивирует вас работать больше?,амбициозные задачи
Какие факторы влияют на ваше решение об уходе?,зарплата
Какие факторы влияют на ваше решение об уходе?,руководство
Что мотивирует вас работать больше?,бабосики
Чем интересна ваша работа?,амбициозные задачи
Чем интересна ваша работа?,команда
Что мотивирует вас работать больше?,зарплата
Что мотивирует вас работать больше?,амбициозные задачи
Что мотивирует вас работать больше?,атмосфера
Что мотивирует вас работать больше?,премии
Что мотивирует вас работать больше?,зарплата
Какие факторы влияют на ваше решение об уходе?,отсутствие признания
Чем интересна ваша работа?,развитие
Какие факторы влияют на ваше решение об уходе?,зарплата
Чем интересна ваша работа?,климат
Чем интересна ваша работа?,коллектив
Какие факторы влияют на ваше решение об уходе?,график
Какие факторы влияют на ваше решение об уходе?,недостаток роста
Чем интересна ваша работа?,развитие
Какие факторы влияют на ваше решение об уходе?,зарплата
Какие факторы влияют на ваше решение об уходе?,зарплата
Какие факторы влияют на ваше решение об уходе?,начальство
Что мотивирует вас работать больше?,амбициозные задачи
Что мотивирует вас работать больше?,атмосфера
Чем интересна ваша работа?,амбициозные задачи
Чем интересна ваша работа?,климат
Какие факторы влияют на ваше решение об уходе?,коллеги
Что мотивирует вас работать больше?,бабосики
Какие факторы влияют на ваше решение об уходе?,руководство
Какие факторы влияют на ваше решение об уходе?,зарплата
Чем интересна ваша работа?,коллеги
Что мотивирует вас работать больше?,премии
Что мотивирует вас работать больше?,премии
Что мотивирует вас работать больше?,команда
Чем интересна ваша работа?,коллектив
Чем интересна ваша работа?,атмосфера
Какие факторы влияют на ваше решение об уходе?,перспективы
Какие факторы влияют на ваше решение об уходе?,коллеги
Какие факторы влияют на ваше решение об уходе?,начальство
Что мотивирует вас работать больше?,бабосики
Какие факторы влияют на ваше решение об уходе?,руководство
Какие факторы влияют на ваше решение об уходе?,недостаток роста
Чем интересна ваша работа?,амбициозные задачи
Что мотивирует вас работать больше?,амбициозные задачи
Чем интересна ваша работа?,коллектив
Что мотивирует вас работать больше?,атмосфера
Что мотивирует вас работать больше?,амбициозные задачи
Какие факторы влияют на ваше решение об уходе?,график
Какие факторы влияют на ваше решение об уходе?,коллеги
Что мотивирует вас работать больше?,амбициозные задачи
Какие факторы влияют на ваше решение об уходе?,отсутствие карьерного роста
Какие факторы влияют на ваше решение об уходе?,график
Что мотивирует вас работать больше?,бабосики
Чем интересна ваша работа?,инновационные задачи
Что мотивирует вас работать больше?,амбициозные задачи
Какие факторы влияют на ваше решение об уходе?,недостаток роста
Что мотивирует вас работать больше?,поддержка
Чем интересна ваша работа?,удовольствие от работы
Какие факторы влияют на ваше решение об уходе?,отсутствие карьерного роста
Какие факторы влияют на ваше решение об уходе?,недостаток роста
Что мотивирует вас работать больше?,премии
Какие факторы влияют на ваше решение об уходе?,коллеги
Что мотивирует вас работать больше?,бонусы
Что мотивирует вас работать больше?,команда
Что мотивирует вас работать больше?,команда
Что мотивирует вас работать больше?,атмосфера
Чем интересна ваша работа?,коллектив
Какие факторы влияют на ваше решение об уходе?,отсутствие карьерного роста
Какие факторы влияют на ваше решение об уходе?,начальство
Чем интересна ваша работа?,команда
Какие факторы влияют на ваше решение об уходе?,перспективы
Что мотивирует вас работать больше?,шеф
Что мотивирует вас работать больше?,зарплата
Чем интересна ваша работа?,инновационные задачи
Что мотивирует вас работать больше?,зарплата
Что мотивирует вас работать больше?,премии
Чем интересна ваша работа?,климат
Какие факторы влияют на ваше решение об уходе?,недостаток роста
Какие факторы влияют на ваше решение об уходе?,недостаток роста
Чем интересна ваша работа?,развитие
Чем интересна ваша работа?,команда
Что мотивирует вас работать больше?,шеф
Что мотивирует вас работать больше?,бабосики
Какие факторы влияют на ваше решение об уходе?,отсутствие признания
Чем интересна ваша работа?,коллектив
Какие факторы влияют на ваше решение об уходе?,отсутствие признания
Чем интересна ваша работа?,климат
Чем интересна ваша работа?,команда
Чем интересна ваша работа?,инновационные задачи
Что мотивирует вас работать больше?,зарплата
Какие факторы влияют на ваше решение об уходе?,перспективы
Чем интересна ваша работа?,атмосфера
Какие факторы влияют на ваше решение об уходе?,начальство
Какие факторы влияют на ваше решение об уходе?,руководство
Какие факторы влияют на ваше решение об уходе?,отсутствие карьерного роста
Какие факторы влияют на ваше решение об уходе?,начальство
Чем интересна ваша работа?,коллеги
Чем интересна ваша работа?,амбициозные задачи
Какие факторы влияют на ваше решение об уходе?,начальство
Какие факторы влияют на ваше решение об уходе?,зарплата
Что мотивирует вас работать больше?,бонусы
Чем интересна ваша работа?,коллеги
Что мотивирует вас работать больше?,бабосики
Какие факторы влияют на ваше решение об уходе?,перспективы
Чем интересна ваша работа?,коллектив
Чем интересна ваша работа?,амбициозные задачи
Что мотивирует вас работать больше?,бабосики
Какие факторы влияют на ваше решение об уходе?,перспективы
Что мотивирует вас работать больше?,поддержка
Чем интересна ваша работа?,коллектив
Какие факторы влияют на ваше решение об уходе?,руководство
Какие факторы влияют на ваше решение об уходе?,недостаток роста
Чем интересна ваша работа?,атмосфера
Чем интересна ваша работа?,коллеги
Что мотивирует вас работать больше?,коллеги
Какие факторы влияют на ваше решение об уходе?,коллеги
Какие факторы влияют на ваше решение об уходе?,коллеги
Какие факторы влияют на ваше решение об уходе?,график
Что мотивирует вас работать больше?,премии
Что мотивирует вас работать больше?,атмосфера
Чем интересна ваша работа?,развитие
Какие факторы влияют на ваше решение об уходе?,график
Какие факторы влияют на ваше решение об уходе?,зарплата
Чем интересна ваша работа?,коллеги
Чем интересна ваша работа?,развитие
Чем интересна ваша работа?,коллектив
Что мотивирует вас работать больше?,бабосики
Какие факторы влияют на ваше решение об уходе?,зарплата
Что мотивирует вас работать больше?,команда
Что мотивирует вас работать больше?,бабосики
Чем интересна ваша работа?,амбициозные задачи
Что мотивирует вас работать больше?,премии
Какие факторы влияют на ваше решение об уходе?,перспективы
Какие факторы влияют на ваше решение об уходе?,отсутствие признания
Чем интересна ваша работа?,атмосфера
Какие факторы влияют на ваше решение об уходе?,отсутствие признания
Какие факторы влияют на ваше решение об уходе?,отсутствие карьерного роста
Чем интересна ваша работа?,удовольствие от работы
Что мотивирует вас работать больше?,команда
Чем интересна ваша работа?,коллеги
Что мотивирует вас работать больше?,амбициозные задачи
Что мотивирует вас работать больше?,команда
Что мотивирует вас работать больше?,зарплата
Какие факторы влияют на ваше решение об уходе?,отсутствие признания
Какие факторы влияют на ваше решение об уходе?,недостаток роста
Чем интересна ваша работа?,команда
Какие факторы влияют на ваше решение об уходе?,недостаток роста
Чем интересна ваша работа?,коллектив
Чем интересна ваша работа?,команда
Что мотивирует вас работать больше?,атмосфера
Что мотивирует вас работать больше?,поддержка
Что мотивирует вас работать больше?,команда
Что мотивирует вас работать больше?,атмосфера
Чем интересна ваша работа?,климат
Что мотивирует вас работать больше?,шеф
Что мотивирует вас работать больше?,коллеги
Что мотивирует вас работать больше?,коллеги
Какие факторы влияют на ваше решение об уходе?,начальство
Что мотивирует вас работать больше?,атмосфера
Чем интересна ваша работа?,инновационные задачи
Что мотивирует вас работать больше?,зарплата
Какие факторы влияют на ваше решение об уходе?,отсутствие признания
Какие факторы влияют на ваше решение об уходе?,коллеги
Чем интересна ваша работа?,инновационные задачи
Какие факторы влияют на ваше решение об уходе?,перспективы
Что мотивирует вас работать больше?,бабосики
Что мотивирует вас работать больше?,коллеги
Чем интересна ваша работа?,амбициозные задачи
Что мотивирует вас работать больше?,шеф
Какие факторы влияют на ваше решение об уходе?,коллеги
Какие факторы влияют на ваше решение об уходе?,начальство
Какие факторы влияют на ваше решение об уходе?,недостаток роста
Что мотивирует вас работать больше?,шеф
Какие факторы влияют на ваше решение об уходе?,зарплата
Что мотивирует вас работать больше?,коллеги
Чем интересна ваша работа?,атмосфера
Какие факторы влияют на ваше решение об уходе?,начальство
Что мотивирует вас работать больше?,бабосики
Какие факторы влияют на ваше решение об уходе?,зарплата
Что мотивирует вас работать больше?,шеф
Что мотивирует вас работать больше?,премии
Чем интересна ваша работа?,атмосфера
Что мотивирует вас работать больше?,шеф
Какие факторы влияют на ваше решение об уходе?,зарплата
Какие факторы влияют на ваше решение об уходе?,отсутствие карьерного роста
Какие факторы влияют на ваше решение об уходе?,начальство
Чем интересна ваша работа?,инновационные задачи
Какие факторы влияют на ваше решение об уходе?,зарплата
Какие факторы влияют на ваше решение об уходе?,отсутствие признания
Что мотивирует вас работать больше?,зарплата
Что мотивирует вас работать больше?,амбициозные задачи
Какие факторы влияют на ваше решение об уходе?,перспективы
Чем интересна ваша работа?,климат
Чем интересна ваша работа?,коллектив
Чем интересна ваша работа?,коллеги
Какие факторы влияют на ваше решение об уходе?,недостаток роста
Что мотивирует вас работать больше?,команда
Что мотивирует вас работать больше?,бонусы
Что мотивирует вас работать больше?,коллеги
Чем интересна ваша работа?,коллеги
Чем интересна ваша работа?,коллектив
Что мотивирует вас работать больше?,зарплата
Чем интересна ваша работа?,коллеги
Какие факторы влияют на ваше решение об уходе?,руководство
Чем интересна ваша работа?,коллеги
Чем интересна ваша работа?,атмосфера
Какие факторы влияют на ваше решение об уходе?,коллеги
Чем интересна ваша работа?,коллеги
Что мотивирует вас работать больше?,поддержка
Что мотивирует вас работать больше?,бонусы
Что мотивирует вас работать больше?,бабосики
Чем интересна ваша работа?,климат
Какие факторы влияют на ваше решение об уходе?,зарплата
Какие факторы влияют на ваше решение об уходе?,перспективы
Что мотивирует вас работать больше?,бабосики
Какие факторы влияют на ваше решение об уходе?,график
Чем интересна ваша работа?,удовольствие от работы
Какие факторы влияют на ваше решение об уходе?,перспективы
Что мотивирует вас работать больше?,амбициозные задачи
Чем интересна ваша работа?,развитие
Какие факторы влияют на ваше решение об уходе?,отсутствие признания
Чем интересна ваша работа?,команда
Чем интересна ваша работа?,команда
Какие факторы влияют на ваше решение об уходе?,перспективы
Что мотивирует вас работать больше?,шеф
Что мотивирует вас работать больше?,амбициозные задачи
Чем интересна ваша работа?,развитие
Что мотивирует вас работать больше?,поддержка
Чем интересна ваша работа?,инновационные задачи
Что мотивирует вас работать больше?,премии
Что мотивирует вас работать больше?,амбициозные задачи
Чем интересна ваша работа?,команда
Что мотивирует вас работать больше?,бабосики
Что мотивирует вас работать больше?,премии
Какие факторы влияют на ваше решение об уходе?,зарплата
Какие факторы влияют на ваше решение об уходе?,график
Что мотивирует вас работать больше?,атмосфера
Что мотивирует вас работать больше?,шеф
Чем интересна ваша работа?,удовольствие от работы
Что мотивирует вас работать больше?,команда
Какие факторы влияют на ваше решение об уходе?,зарплата
Чем интересна ваша работа?,удовольствие от работы
Чем интересна ваша работа?,команда
Чем интересна ваша работа?,команда
Чем интересна ваша работа?,климат
Чем интересна ваша работа?,коллеги
Какие факторы влияют на ваше решение об уходе?,график
Какие факторы влияют на ваше решение об уходе?,недостаток роста
Чем интересна ваша работа?,амбициозные задачи
Что мотивирует вас работать больше?,бабосики
Чем интересна ваша работа?,команда
Какие факторы влияют на ваше решение об уходе?,начальство
Какие факторы влияют на ваше решение об уходе?,недостаток роста
Чем интересна ваша работа?,развитие
Какие факторы влияют на ваше решение об уходе?,перспективы
Что мотивирует вас работать больше?,премии
Что мотивирует вас работать больше?,команда
Какие факторы влияют на ваше решение об уходе?,зарплата
Чем интересна ваша работа?,инновационные задачи
Чем интересна ваша работа?,климат
Чем интересна ваша работа?,развитие
Какие факторы влияют на ваше решение об уходе?,коллеги
Чем интересна ваша работа?,коллектив
Чем интересна ваша работа?,команда
Чем интересна ваша работа?,удовольствие от работы
Какие факторы влияют на ваше решение об уходе?,перспективы
Что мотивирует вас работать больше?,амбициозные задачи
Чем интересна ваша работа?,развитие
Чем интересна ваша работа?,развитие
Чем интересна ваша работа?,развитие
Что мотивирует вас работать больше?,бабосики
Что мотивирует вас работать больше?,премии
Чем интересна ваша работа?,атмосфера
Чем интересна ваша работа?,коллектив
Чем интересна ваша работа?,коллеги
Чем интересна ваша работа?,развитие
Чем интересна ваша работа?,развитие
Что мотивирует вас работать больше?,бонусы
Что мотивирует вас работать больше?,зарплата
Чем интересна ваша работа?,коллектив
Чем интересна ваша работа?,развитие
Что мотивирует вас работать больше?,амбициозные задачи
Чем интересна ваша работа?,амбициозные задачи
Чем интересна ваша работа?,климат
Что мотивирует вас работать больше?,шеф
Чем интересна ваша работа?,климат
Что мотивирует вас работать больше?,зарплата
Что мотивирует вас работать больше?,бабосики
Чем интересна ваша работа?,климат
Какие факторы влияют на ваше решение об уходе?,недостаток роста
Что мотивирует вас работать больше?,атмосфера
Чем интересна ваша работа?,команда
Что мотивирует вас работать больше?,премии
Что мотивирует вас работать больше?,бонусы
Чем интересна ваша работа?,атмосфера
Какие факторы влияют на ваше решение об уходе?,недостаток роста
Что мотивирует вас работать больше?,амбициозные задачи
Что мотивирует вас работать больше?,бабосики
Что мотивирует вас работать больше?,амбициозные задачи
Какие факторы влияют на ваше решение об уходе?,график
Что мотивирует вас работать больше?,атмосфера
Какие факторы влияют на ваше решение об уходе?,отсутствие карьерного роста
Какие факторы влияют на ваше решение об уходе?,зарплата
Чем интересна ваша работа?,атмосфера
Какие факторы влияют на ваше решение об уходе?,отсутствие признания
Чем интересна ваша работа?,атмосфера
Чем интересна ваша работа?,коллектив
Какие факторы влияют на ваше решение об уходе?,начальство
Что мотивирует вас работать больше?,поддержка
Чем интересна ваша работа?,команда
Чем интересна ваша работа?,коллектив
Какие факторы влияют на ваше решение об уходе?,отсутствие признания
Чем интересна ваша работа?,коллектив
Чем интересна ваша работа?,амбициозные задачи
Какие факторы влияют на ваше решение об уходе?,перспективы
Что мотивирует вас работать больше?,бонусы
Чем интересна ваша работа?,коллеги
Что мотивирует вас работать больше?,коллеги
Какие факторы влияют на ваше решение об уходе?,руководство
Какие факторы влияют на ваше решение об уходе?,зарплата
Чем интересна ваша работа?,амбициозные задачи
Чем интересна ваша работа?,инновационные задачи
Какие факторы влияют на ваше решение об уходе?,график
Чем интересна ваша работа?,климат
Что мотивирует вас работать больше?,поддержка
Чем интересна ваша работа?,коллектив
Что мотивирует вас работать больше?,шеф
Какие факторы влияют на ваше решение об уходе?,график
Что мотивирует вас работать больше?,бабосики
Что мотивирует вас работать больше?,поддержка
Чем интересна ваша работа?,удовольствие от работы
Что мотивирует вас работать больше?,атмосфера
Какие факторы влияют на ваше решение об уходе?,руководство
Какие факторы влияют на ваше решение об уходе?,перспективы
Чем интересна ваша работа?,амбициозные задачи
Какие факторы влияют на ваше решение об уходе?,зарплата
Чем интересна ваша работа?,атмосфера
Чем интересна ваша работа?,коллектив
Что мотивирует вас работать больше?,зарплата
Чем интересна ваша работа?,инновационные задачи
Чем интересна ваша работа?,инновационные задачи
Какие факторы влияют на ваше решение об уходе?,коллеги
Чем интересна ваша работа?,атмосфера
Что мотивирует вас работать больше?,бонусы
Какие факторы влияют на ваше решение об уходе?,зарплата
Чем интересна ваша работа?,инновационные задачи
Что мотивирует вас работать больше?,поддержка
Какие факторы влияют на ваше решение об уходе?,начальство
Что мотивирует вас работать больше?,зарплата
Какие факторы влияют на ваше решение об уходе?,отсутствие карьерного роста
Какие факторы влияют на ваше решение об уходе?,отсутствие признания
Чем интересна ваша работа?,климат
Что мотивирует вас работать больше?,зарплата
Чем интересна ваша работа?,коллектив
Какие факторы влияют на ваше решение об уходе?,зарплата
Какие факторы влияют на ваше решение об уходе?,отсутствие карьерного роста
Чем интересна ваша работа?,амбициозные задачи
Какие факторы влияют на ваше решение об уходе?,отсутствие карьерного роста
Что мотивирует вас работать больше?,бабосики
Какие факторы влияют на ваше решение об уходе?,отсутствие признания
Какие факторы влияют на ваше решение об уходе?,начальство
Какие факторы влияют на ваше решение об уходе?,коллеги
Чем интересна ваша работа?,атмосфера
Что мотивирует вас работать больше?,премии
Какие факторы влияют на ваше решение об уходе?,график
Какие факторы влияют на ваше решение об уходе?,перспективы
Чем интересна ваша работа?,инновационные задачи
Что мотивирует вас работать больше?,бонусы
Что мотивирует вас работать больше?,премии
Чем интересна ваша работа?,коллектив
Какие факторы влияют на ваше решение об уходе?,зарплата
Что мотивирует вас работать больше?,коллеги
Чем интересна ваша работа?,коллектив
Что мотивирует вас работать больше?,амбициозные задачи
Что мотивирует вас работать больше?,шеф
Какие факторы влияют на ваше решение об уходе?,график
Чем интересна ваша работа?,атмосфера
Какие факторы влияют на ваше решение об уходе?,график
Чем интересна ваша работа?,развитие
Какие факторы влияют на ваше решение об уходе?,недостаток роста
Какие факторы влияют на ваше решение об уходе?,отсутствие признания
Чем интересна ваша работа?,атмосфера
Что мотивирует вас работать больше?,команда
Чем интересна ваша работа?,амбициозные задачи
Что мотивирует вас работать больше?,коллеги
Какие факторы влияют на ваше решение об уходе?,начальство
Что мотивирует вас работать больше?,зарплата
Какие факторы влияют на ваше решение об уходе?,перспективы
Какие факторы влияют на ваше решение об уходе?,начальство
Что мотивирует вас работать больше?,шеф
Что мотивирует вас работать больше?,бонусы
Чем интересна ваша работа?,атмосфера
Какие факторы влияют на ваше решение об уходе?,отсутствие признания
Чем интересна ваша работа?,атмосфера
Чем интересна ваша работа?,удовольствие от работы
Чем интересна ваша работа?,развитие
Чем интересна ваша работа?,команда
Какие факторы влияют на ваше решение об уходе?,зарплата
Что мотивирует вас работать больше?,поддержка
Какие факторы влияют на ваше решение об уходе?,отсутствие признания
Что мотивирует вас работать больше?,зарплата
Что мотивирует вас работать больше?,зарплата
Какие факторы влияют на ваше решение об уходе?,график
Какие факторы влияют на ваше решение об уходе?,недостаток роста
Что мотивирует вас работать больше?,бабосики
Какие факторы влияют на ваше решение об уходе?,отсутствие признания
Чем интересна ваша работа?,коллеги
Чем интересна ваша работа?,коллектив
Какие факторы влияют на ваше решение об уходе?,руководство
Какие факторы влияют на ваше решение об уходе?,начальство
Какие факторы влияют на ваше решение об уходе?,график
Чем интересна ваша работа?,атмосфера
Какие факторы влияют на ваше решение об уходе?,начальство
Чем интересна ваша работа?,коллеги
Что мотивирует вас работать больше?,коллеги
Чем интересна ваша работа?,удовольствие от работы
Что мотивирует вас работать больше?,бонусы
Чем интересна ваша работа?,атмосфера
Какие факторы влияют на ваше решение об уходе?,отсутствие карьерного роста
Что мотивирует вас работать больше?,бонусы
Что мотивирует вас работать больше?,бабосики
Чем интересна ваша работа?,команда
Чем интересна ваша работа?,атмосфера
Что мотивирует вас работать больше?,бонусы
Чем интересна ваша работа?,атмосфера
Что мотивирует вас работать больше?,зарплата
Чем интересна ваша работа?,амбициозные задачи
Чем интересна ваша работа?,коллеги
Чем интересна ваша работа?,климат
Чем интересна ваша работа?,амбициозные задачи
Что мотивирует вас работать больше?,команда
Что мотивирует вас работать больше?,шеф
Чем интересна ваша работа?,инновационные задачи
Какие факторы влияют на ваше решение об уходе?,отсутствие признания
Чем интересна ваша работа?,развитие
Какие факторы влияют на ваше решение об уходе?,начальство
Что мотивирует вас работать больше?,коллеги
Что мотивирует вас работать больше?,атмосфера
Чем интересна ваша работа?,команда
Чем интересна ваша работа?,команда
Какие факторы влияют на ваше решение об уходе?,недостаток роста
Что мотивирует вас работать больше?,атмосфера
Чем интересна ваша работа?,климат
Чем интересна ваша работа?,инновационные задачи
Чем интересна ваша работа?,команда
Чем интересна ваша работа?,амбициозные задачи
Какие факторы влияют на ваше решение об уходе?,отсутствие карьерного роста
Какие факторы влияют на ваше решение об уходе?,коллеги
Чем интересна ваша работа?,коллеги
Что мотивирует вас работать больше?,команда
Какие факторы влияют на ваше решение об уходе?,отсутствие признания
Что мотивирует вас работать больше?,атмосфера
Чем интересна ваша работа?,инновационные задачи
Какие факторы влияют на ваше решение об уходе?,коллеги
Что мотивирует вас работать больше?,команда
Какие факторы влияют на ваше решение об уходе?,недостаток роста
Какие факторы влияют на ваше решение об уходе?,коллеги
Чем интересна ваша работа?,удовольствие от работы
Какие факторы влияют на ваше решение об уходе?,отсутствие карьерного роста
Какие факторы влияют на ваше решение об уходе?,отсутствие карьерного роста
Чем интересна ваша работа?,команда
Что мотивирует вас работать больше?,зарплата
Какие факторы влияют на ваше решение об уходе?,недостаток роста
Чем интересна ваша работа?,команда
Какие факторы влияют на ваше решение об уходе?,недостаток роста
Что мотивирует вас работать больше?,амбициозные задачи
Какие факторы влияют на ваше решение об уходе?,недостаток роста
Что мотивирует вас работать больше?,коллеги
Чем интересна ваша работа?,команда
Какие факторы влияют на ваше решение об уходе?,отсутствие карьерного роста
Что мотивирует вас работать больше?,премии
Какие факторы влияют на ваше решение об уходе?,перспективы
Что мотивирует вас работать больше?,бонусы
Чем интересна ваша работа?,коллеги
Что мотивирует вас работать больше?,бонусы
Какие факторы влияют на ваше решение об уходе?,начальство
Какие факторы влияют на ваше решение об уходе?,отсутствие признания
Что мотивирует вас работать больше?,коллеги
Что мотивирует вас работать больше?,премии
Чем интересна ваша работа?,удовольствие от работы
Что мотивирует вас работать больше?,поддержка
Чем интересна ваша работа?,атмосфера
Что мотивирует вас работать больше?,бонусы
Что мотивирует вас работать больше?,бабосики
Чем интересна ваша работа?,инновационные задачи
Что мотивирует вас работать больше?,бабосики
Какие факторы влияют на ваше решение об уходе?,руководство
Что мотивирует вас работать больше?,амбициозные задачи
Что мотивирует вас работать больше?,амбициозные задачи
Какие факторы влияют на ваше решение об уходе?,график
Какие факторы влияют на ваше решение об уходе?,недостаток роста
Чем интересна ваша работа?,атмосфера
Какие факторы влияют на ваше решение об уходе?,зарплата
Что мотивирует вас работать больше?,зарплата
Что мотивирует вас работать больше?,бонусы
Что мотивирует вас работать больше?,премии
Чем интересна ваша работа?,амбициозные задачи
Чем интересна ваша работа?,коллектив
Чем интересна ваша работа?,климат
Чем интересна ваша работа?,атмосфера
Какие факторы влияют на ваше решение об уходе?,начальство
Чем интересна ваша работа?,амбициозные задачи
Какие факторы влияют на ваше решение об уходе?,зарплата
Чем интересна ваша работа?,климат
Какие факторы влияют на ваше решение об уходе?,перспективы
Чем интересна ваша работа?,удовольствие от работы
Что мотивирует вас работать больше?,зарплата
Какие факторы влияют на ваше решение об уходе?,руководство
Какие факторы влияют на ваше решение об уходе?,отсутствие признания
Чем интересна ваша работа?,климат
Какие факторы влияют на ваше решение об уходе?,отсутствие карьерного роста
Что мотивирует вас работать больше?,атмосфера
Какие факторы влияют на ваше решение об уходе?,отсутствие признания
Что мотивирует вас работать больше?,премии
Чем интересна ваша работа?,развитие
Что мотивирует вас работать больше?,команда
Что мотивирует вас работать больше?,амбициозные задачи
Что мотивирует вас работать больше?,коллеги
Чем интересна ваша работа?,развитие
Чем интересна ваша работа?,коллектив
Какие факторы влияют на ваше решение об уходе?,недостаток роста
Чем интересна ваша работа?,развитие
Чем интересна ваша работа?,коллектив
Какие факторы влияют на ваше решение об уходе?,отсутствие признания
Чем интересна ваша работа?,климат
Какие факторы влияют на ваше решение об уходе?,график
Что мотивирует вас работать больше?,премии
Какие факторы влияют на ваше решение об уходе?,коллеги
Какие факторы влияют на ваше решение об уходе?,зарплата
Какие факторы влияют на ваше решение об уходе?,коллеги
Что мотивирует вас работать больше?,премии
Что мотивирует вас работать больше?,зарплата
Что мотивирует вас работать больше?,коллеги
Какие факторы влияют на ваше решение об уходе?,перспективы
Чем интересна ваша работа?,команда
Какие факторы влияют на ваше решение об уходе?,отсутствие признания
Чем интересна ваша работа?,развитие
Что мотивирует вас работать больше?,коллеги
Что мотивирует вас работать больше?,зарплата
Что мотивирует вас работать больше?,бонусы
Какие факторы влияют на ваше решение об уходе?,руководство
Чем интересна ваша работа?,климат
Что мотивирует вас работать больше?,шеф
Чем интересна ваша работа?,команда
Что мотивирует вас работать больше?,бонусы
Чем интересна ваша работа?,инновационные задачи
Какие факторы влияют на ваше решение об уходе?,начальство
Что мотивирует вас работать больше?,бонусы
Чем интересна ваша работа?,команда
Чем интересна ваша работа?,коллектив
Что мотивирует вас работать больше?,бонусы
Какие факторы влияют на ваше решение об уходе?,коллеги
Какие факторы влияют на ваше решение об уходе?,недостаток роста
Какие факторы влияют на ваше решение об уходе?,начальство
Какие факторы влияют на ваше решение об уходе?,зарплата
Какие факторы влияют на ваше решение об уходе?,начальство
Чем интересна ваша работа?,атмосфера
Чем интересна ваша работа?,атмосфера
Что мотивирует вас работать больше?,зарплата
Чем интересна ваша работа?,коллеги
Чем интересна ваша работа?,коллектив
Что мотивирует вас работать больше?,команда
Чем интересна ваша работа?,инновационные задачи
Чем интересна ваша работа?,коллектив
Какие факторы влияют на ваше решение об уходе?,отсутствие признания
Чем интересна ваша работа?,развитие
Какие факторы влияют на ваше решение об уходе?,отсутствие признания
Чем интересна ваша работа?,климат
Что мотивирует вас работать больше?,амбициозные задачи
Что мотивирует вас работать больше?,бонусы
Что мотивирует вас работать больше?,премии
Какие факторы влияют на ваше решение об уходе?,отсутствие карьерного роста
Чем интересна ваша работа?,команда
Что мотивирует вас работать больше?,поддержка
Что мотивирует вас работать больше?,бонусы
Чем интересна ваша работа?,коллеги
Чем интересна ваша работа?,развитие
Что мотивирует вас работать больше?,атмосфера
Какие факторы влияют на ваше решение об уходе?,коллеги
Что мотивирует вас работать больше?,бабосики
Какие факторы влияют на ваше решение об уходе?,руководство
Что мотивирует вас работать больше?,атмосфера
Что мотивирует вас работать больше?,коллеги
Чем интересна ваша работа?,развитие
Какие факторы влияют на ваше решение об уходе?,перспективы
Чем интересна ваша работа?,амбициозные задачи
Чем интересна ваша работа?,климат
Что мотивирует вас работать больше?,атмосфера
Чем интересна ваша работа?,коллеги
Чем интересна ваша работа?,коллеги
Какие факторы влияют на ваше решение об уходе?,зарплата
Что мотивирует вас работать больше?,зарплата
Чем интересна ваша работа?,амбициозные задачи
Какие факторы влияют на ваше решение об уходе?,начальство
Что мотивирует вас работать больше?,бонусы
Что мотивирует вас работать больше?,атмосфера
Какие факторы влияют на ваше решение об уходе?,зарплата
Чем интересна ваша работа?,амбициозные задачи
Какие факторы влияют на ваше решение об уходе?,начальство
Какие факторы влияют на ваше решение об уходе?,отсутствие признания
Чем интересна ваша работа?,удовольствие от работы
Что мотивирует вас работать больше?,коллеги
Какие факторы влияют на ваше решение об уходе?,недостаток роста
Чем интересна ваша работа?,коллеги
Что мотивирует вас работать больше?,коллеги
Что мотивирует вас работать больше?,атмосфера
Что мотивирует вас работать больше?,команда
Чем интересна ваша работа?,коллектив
Что мотивирует вас работать больше?,зарплата
